Pedal,Category,Type,Current Rating,Current Tag,New Rating,New Tag
"Boss AC-3 Acoustic Simulator","amp","Acoustic Sim",6,"amplifier",,
"Boss IR-200","amp","Amp Sim",10,"simulator",,
"DSM & Humboldt Simplifier","amp","Amp Sim",9,"simulator",,
"DSM & Humboldt Simplifier DLX","amp","Amp Sim",10,"simulator",,
"Hotone Omni AC","amp","Cab Sim",6,"amplifier",,
"Line 6 HX Stomp","amp","Amp Sim",10,"simulator",,
"Line 6 HX Stomp XL","amp","Amp Sim",10,"simulator",,
"Mooer Radar","amp","Cab Sim",7,"amplifier",,
"Neunaber Iconoclast","amp","Cab Sim",9,"simulator",,
"NUX Solid Studio","amp","Cab Sim",8,"simulator",,
"Strymon Iridium","amp","Amp Sim",10,"simulator",,
"Tech 21 Fly Rig 5","amp","Amp Sim",8,"simulator",,
"Tech 21 SansAmp Classic","amp","Amp Sim",7,"amplifier",,
"Two Notes Cab M+","amp","Cab Sim",9,"simulator",,
"Walrus Audio ACS1","amp","Amp Sim",9,"simulator",,
"Alexander History Lesson V3","delay","Multi",10,"time traveler",,
"Behringer VD400 Vintage Delay","delay","Analog",4,"repeater",,
"Boss DD-200","delay","Digital",9,"time traveler",,
"Boss DD-3","delay","Digital",6,"spelunker",,
"Boss DD-3 Digital Delay (MIJ)","delay","Digital",6,"spelunker",,
"Boss DD-5","delay","Digital",8,"long term memory",,
"Boss DD-500","delay","Digital",10,"time traveler",,
"Boss DD-6","delay","Digital",9,"time traveler",,
"Boss DD-7","delay","Digital",10,"time traveler",,
"Boss DD-8","delay","Digital",7,"long term memory",,
"Boss DM-2 Delay","delay","Analog",7,"long term memory",,
"Boss DM-2W Waza","delay","Analog",8,"long term memory",,
"Boss DM-2W Waza Craft Delay","delay","Analog",8,"long term memory",,
"Caroline Guitar Company Megabyte","delay","Digital",8,"long term memory",,
"Catalinbread Belle Epoch","delay","Tape",9,"time traveler",,
"Catalinbread Belle Epoch Deluxe","delay","Tape",7,"long term memory",,
"Chase Bliss Thermae","delay","Analog",9,"time traveler",,
"Chase Bliss Tonal Recall","delay","Analog",9,"time traveler",,
"Cooper FX Generation Loss MKII","delay","Lo-Fi",8,"long term memory",,
"Danelectro Reel Echo","delay","Tape",8,"long term memory",,
"Death By Audio Echo Master","delay","Analog",8,"long term memory",,
"Death By Audio Reverberation Machine","delay","Lo-Fi",9,"time traveler",,
"DigiTech Obscura","delay","Digital",9,"time traveler",,
"DigiTech TimeBender","delay","Digital",8,"long term memory",,
"Donner Yellow Fall","delay","Analog",4,"repeater",,
"EarthQuaker Devices Avalanche Run V2","delay","Ambient",8,"long term memory",,
"EarthQuaker Devices Disaster Transport Sr.","delay","Analog",8,"long term memory",,
"EarthQuaker Devices Space Spiral","delay","Analog",8,"long term memory",,
"Echoplex EP-3","delay","Tape",8,"long term memory",,
"Electro-Harmonix Canyon","delay","Digital",10,"time traveler",,
"Electro-Harmonix Deluxe Memory Boy","delay","Analog",8,"long term memory",,
"Electro-Harmonix Deluxe Memory Man","delay","Analog",10,"time traveler",,
"Electro-Harmonix Deluxe Memory Man (Original)","delay","Analog",9,"time traveler",,
"Electro-Harmonix Deluxe Memory Man 550-TT","delay","Analog",7,"long term memory",,
"Electro-Harmonix Memory Boy","delay","Analog",6,"spelunker",,
"Electro-Harmonix Memory Toy","delay","Analog",5,"spelunker",,
"Empress Echosystem","delay","Multi",10,"time traveler",,
"Eventide H9 Max","delay","Multi",10,"time traveler",,
"Eventide TimeFactor","delay","Multi",9,"time traveler",,
"Fairfield Circuitry Meet Maude","delay","Analog",10,"time traveler",,
"Fulltone Tube Tape Echo TTE","delay","Tape",9,"time traveler",,
"GFI System Specular Tempus","delay","Multi",9,"time traveler",,
"Ibanez AD Mini","delay","Analog",5,"spelunker",,
"Ibanez AD9 Analog Delay","delay","Analog",6,"spelunker",,
"Ibanez AD9 Analog Delay","delay","Analog",7,"long term memory",,
"JHS 3 Series Delay","delay","Digital",6,"spelunker",,
"JHS Milkman","delay","Slapback",8,"long term memory",,
"JHS Panther Cub V2","delay","Analog",9,"time traveler",,
"Joyo Aquarius Delay + Looper","delay","Digital",10,"time traveler",,
"Joyo D-Seed Dual Channel Delay","delay","Digital",8,"long term memory",,
"Keeley Delay Workstation","delay","Multi",7,"long term memory",,
"Keeley ECCOS","delay","Tape",8,"long term memory",,
"Keeley Mag Echo","delay","Tape",8,"long term memory",,
"Line 6 DL4 Delay Modeler","delay","Digital",8,"long term memory",,
"Line 6 DL4 MkII","delay","Digital",9,"time traveler",,
"Malekko Ekko 616","delay","Analog",8,"long term memory",,
"Maxon AD999 Analog Delay","delay","Analog",8,"long term memory",,
"Meris Polymoon","delay","Multi",9,"time traveler",,
"Mooer D7 Delay","delay","Digital",9,"time traveler",,
"MXR Carbon Copy","delay","Analog",7,"long term memory",,
"MXR Carbon Copy Bright","delay","Analog",7,"long term memory",,
"MXR Carbon Copy Deluxe","delay","Analog",9,"time traveler",,
"MXR Carbon Copy Mini","delay","Analog",5,"spelunker",,
"MXR EP103 Echoplex Delay","delay","Tape",9,"time traveler",,
"NUX Time Core Deluxe","delay","Digital",9,"time traveler",,
"Old Blood Noise Black Fountain V3","delay","Analog",8,"long term memory",,
"Old Blood Noise Visitor","delay","Multi",7,"long term memory",,
"Red Panda Particle 2","delay","Granular",9,"time traveler",,
"Red Panda Raster 2","delay","Pitch",9,"time traveler",,
"Roland RE-201 Space Echo","delay","Tape",9,"time traveler",,
"Seymour Duncan Vapor Trail","delay","Analog",8,"long term memory",,
"Source Audio Nemesis","delay","Multi",9,"time traveler",,
"Strymon Dig","delay","Digital",7,"long term memory",,
"Strymon El Capistan","delay","Tape",9,"time traveler",,
"Strymon Timeline","delay","Multi",10,"time traveler",,
"Strymon Volante","delay","Tape",10,"time traveler",,
"TC Electronic Alter Ego 2","delay","Tape",7,"long term memory",,
"TC Electronic EchoBrain","delay","Analog",5,"spelunker",,
"TC Electronic Flashback 2","delay","Digital",10,"time traveler",,
"TC Electronic Flashback Mini","delay","Digital",7,"long term memory",,
"TC Electronic Flashback X4","delay","Digital",9,"time traveler",,
"Universal Audio Starlight Echo Station","delay","Tape",9,"time traveler",,
"Walrus Audio ARP-87","delay","Multi",10,"time traveler",,
"Walrus Audio D1 V2","delay","Digital",10,"time traveler",,
"Walrus Audio D1 V2","delay","Digital",8,"long term memory",,
"Wampler Faux Tape Echo V2","delay","Tape",9,"time traveler",,
"Way Huge Aqua-Puss","delay","Analog",6,"spelunker",,
"Way Huge Supa-Puss","delay","Analog",10,"time traveler",,
"Zoom MS-70CDR","delay","Digital",7,"long term memory",,
"Analog Man Bi-Comp","dynamics","Compressor",7,"squashed",,
"Becos Stella Compressor","dynamics","Compressor",8,"squashed",,
"Boss CP-1X","dynamics","Compressor",10,"clamped down",,
"Boss CS-3","dynamics","Compressor",7,"squashed",,
"Boss CS-3 Compression Sustainer","dynamics","Compressor",6,"smooth operator",,
"Boss LM-2 Limiter","dynamics","Limiter",7,"squashed",,
"Boss NS-2 Noise Suppressor","dynamics","Gate",8,"squashed",,
"Caline Snake Bite","dynamics","Compressor",4,"gluey",,
"Dan Armstrong Orange Squeezer","dynamics","Compressor",5,"smooth operator",,
"Darkglass Hyper Luminal","dynamics","Limiter",9,"clamped down",,
"Diamond Compressor","dynamics","Compressor",7,"squashed",,
"DOD 280 Compressor","dynamics","Compressor",6,"smooth operator",,
"Donner Noise Killer","dynamics","Gate",5,"smooth operator",,
"Donner Ultimate Comp","dynamics","Compressor",4,"gluey",,
"EarthQuaker Devices Warden V2","dynamics","Compressor",10,"clamped down",,
"Effectrode PC-2A","dynamics","Compressor",9,"clamped down",,
"Electro-Harmonix Platform","dynamics","Limiter",7,"squashed",,
"Electro-Harmonix Silencer","dynamics","Gate",8,"squashed",,
"Electro-Harmonix Soul Preacher","dynamics","Compressor",6,"smooth operator",,
"Empress Compressor MKII","dynamics","Compressor",9,"clamped down",,
"Empress Effects Compressor MKII","dynamics","Compressor",9,"clamped down",,
"Fairfield Circuitry The Accountant","dynamics","Compressor",9,"clamped down",,
"Fender Noise Gate","dynamics","Gate",7,"squashed",,
"Fender The Bends","dynamics","Compressor",8,"squashed",,
"Fortin Zuul+","dynamics","Gate",9,"clamped down",,
"ISP Decimator II","dynamics","Gate",7,"squashed",,
"ISP Decimator II G String","dynamics","Gate",9,"clamped down",,
"JHS Whitey Tighty","dynamics","Compressor",8,"squashed",,
"Joyo JF-10 Dyna Compressor","dynamics","Compressor",5,"smooth operator",,
"Joyo JF-31 Noise Gate","dynamics","Gate",5,"smooth operator",,
"Keeley Compressor Mini","dynamics","Compressor",7,"squashed",,
"Keeley Compressor Plus","dynamics","Compressor",9,"clamped down",,
"Mad Professor Forest Green","dynamics","Compressor",10,"clamped down",,
"Mooer Noise Killer","dynamics","Gate",6,"smooth operator",,
"Mooer Yellow Comp","dynamics","Compressor",5,"smooth operator",,
"MXR Dyna Comp","dynamics","Compressor",6,"smooth operator",,
"MXR Dyna Comp (Script Logo)","dynamics","Compressor",6,"smooth operator",,
"MXR Dyna Comp Deluxe","dynamics","Compressor",9,"clamped down",,
"MXR Smart Gate","dynamics","Gate",8,"squashed",,
"Origin Effects Cali76 Bass","dynamics","Compressor",9,"clamped down",,
"Origin Effects Cali76 Compact Deluxe","dynamics","Compressor",9,"clamped down",,
"Origin Effects Cali76 Compact Deluxe","dynamics","Compressor",9,"clamped down",,
"Origin Effects Cali76 Stacked Edition","dynamics","Compressor",10,"clamped down",,
"Revv G8 Noise Gate","dynamics","Gate",7,"squashed",,
"Rocktron Micro HUSH","dynamics","Gate",9,"clamped down",,
"Ross Compressor","dynamics","Compressor",6,"smooth operator",,
"Seymour Duncan Vise Grip","dynamics","Compressor",9,"clamped down",,
"Source Audio Atlas","dynamics","Compressor",8,"squashed",,
"Strymon Compadre","dynamics","Compressor",8,"squashed",,
"TC Electronic HyperGravity","dynamics","Compressor",10,"clamped down",,
"TC Electronic HyperGravity Mini","dynamics","Compressor",8,"squashed",,
"TC Electronic Sentry Noise Gate","dynamics","Gate",10,"clamped down",,
"Tone City Comp Engine","dynamics","Compressor",6,"smooth operator",,
"Universal Audio LA-2A","dynamics","Compressor",9,"clamped down",,
"Walrus Audio Deep Six V3","dynamics","Compressor",10,"clamped down",,
"Wampler Ego Compressor","dynamics","Compressor",10,"clamped down",,
"Wampler Mini Ego","dynamics","Compressor",8,"squashed",,
"Xotic SP Compressor","dynamics","Compressor",9,"clamped down",,
"Aguilar Tone Hammer","eq","Bass Preamp",9,"surgical",,
"Boss EQ-200","eq","Graphic",10,"surgical",,
"Boss GE-7 Graphic EQ","eq","Graphic",7,"sculptor",,
"Caline CP-24 10-Band EQ","eq","Graphic",6,"sculptor",,
"Catalinbread Galileo","eq","Preamp",7,"sculptor",,
"Darkglass Vintage Ultra V2","eq","Bass Preamp",9,"surgical",,
"DOD FX40B EQ","eq","Graphic",6,"sculptor",,
"Electro-Harmonix Knockout","eq","Special",6,"sculptor",,
"Empress ParaEQ","eq","Parametric",10,"surgical",,
"Fishman Aura Spectrum DI","eq","Acoustic",9,"surgical",,
"Joyo JF-11 6-Band EQ","eq","Graphic",5,"sculptor",,
"LR Baggs Align EQ","eq","Acoustic",8,"surgical",,
"Mooer Graphic G","eq","Graphic",5,"sculptor",,
"MXR M108S 10-Band EQ","eq","Graphic",9,"surgical",,
"MXR M109S 6-Band EQ","eq","Graphic",6,"sculptor",,
"MXR M133 Micro Amp","eq","Boost",5,"sculptor",,
"MXR M80 Bass D.I.+","eq","Bass Preamp",8,"surgical",,
"Source Audio EQ2","eq","Graphic",10,"surgical",,
"Suhr Koko Boost","eq","Boost",8,"surgical",,
"TC Electronic BodyRez","eq","Acoustic",6,"sculptor",,
"Tech 21 SansAmp Bass Driver DI","eq","Bass Preamp",8,"surgical",,
"Wampler EQuator","eq","Parametric",9,"surgical",,
"Z.Vex Super Hard On","eq","Boost",6,"sculptor",,
"3Leaf Audio Proton V3","filter","Envelope",9,"talking",,
"Aguilar Filter Twin","filter","Envelope",9,"talking",,
"Behringer FM600 Filter Machine","filter","Envelope",4,"quack doctor",,
"Boss AW-3 Dynamic Wah","filter","Envelope",7,"street sweeper",,
"Boss FT-2 Dynamic Filter","filter","Envelope",7,"street sweeper",,
"Boss PW-3 Wah","filter","Wah",6,"funky chicken",,
"DOD 440 Envelope Filter","filter","Envelope",7,"street sweeper",,
"Dunlop 535Q Multi-Wah","filter","Wah",8,"street sweeper",,
"Dunlop CBM95 Cry Baby Mini","filter","Wah",6,"funky chicken",,
"Dunlop Cry Baby 95Q","filter","Wah",6,"funky chicken",,
"Dunlop Cry Baby GCB95","filter","Wah",5,"funky chicken",,
"Dunlop Cry Baby Mini","filter","Wah",5,"funky chicken",,
"Dunlop JH-1D Jimi Hendrix Wah","filter","Wah",6,"funky chicken",,
"EarthQuaker Devices Spatial Delivery V2","filter","Envelope",8,"street sweeper",,
"Electro-Harmonix Enigma: Q-Balls","filter","Envelope",9,"talking",,
"Electro-Harmonix Micro Q-Tron","filter","Envelope",6,"funky chicken",,
"Electro-Harmonix Q-Tron+","filter","Envelope",8,"street sweeper",,
"Fulltone Clyde Standard","filter","Wah",8,"street sweeper",,
"Fulltone Clyde Standard Wah","filter","Wah",7,"street sweeper",,
"Joyo JF-09 Wow Wah","filter","Envelope",5,"funky chicken",,
"Lovetone Meatball","filter","Envelope",10,"talking",,
"Mad Professor Snow White Auto Wah","filter","Envelope",8,"street sweeper",,
"Malekko Scrutator","filter","Bitcrusher",8,"street sweeper",,
"Mooer Envelope","filter","Envelope",5,"funky chicken",,
"Moog MF-101 Lowpass Filter","filter","Lowpass",10,"talking",,
"Morley 20/20 Wah","filter","Wah",6,"funky chicken",,
"Morley Bad Horsie 2","filter","Wah",7,"street sweeper",,
"Morley Classic Wah","filter","Wah",6,"funky chicken",,
"Mu-Tron Micro-Tron III","filter","Envelope",9,"talking",,
"Mu-Tron Mu-Tron III","filter","Envelope",9,"talking",,
"MXR M82 Envelope Filter","filter","Envelope",8,"street sweeper",,
"MXR MC404 CAE Wah","filter","Wah",8,"street sweeper",,
"Pigtronix EP2","filter","Envelope",9,"talking",,
"Real McCoy Custom RMC3 FL","filter","Wah",9,"talking",,
"Source Audio Spectrum","filter","Envelope",10,"talking",,
"Subdecay Prometheus DLX","filter","Envelope",9,"talking",,
"Vox V845 Classic Wah","filter","Wah",5,"funky chicken",,
"Vox V847-A Wah","filter","Wah",6,"funky chicken",,
"Wilson Effects Ten Spot II","filter","Wah",8,"street sweeper",,
"WMD Protostar","filter","Envelope",9,"talking",,
"Xotic XW-1","filter","Wah",8,"street sweeper",,
"Z.Vex Seek Wah","filter","Sequenced",9,"talking",,
"Ampeg Scrambler","gain","Fuzz",8,"screamer",,
"Amptweaker TightMetal Pro II","gain","Distortion",9,"melt my face",,
"Analog Man Beano Boost","gain","Boost",3,"dirty bird",,
"Analog Man King of Tone","gain","Overdrive",4,"dirty bird",,
"Analog Man Prince of Tone","gain","Overdrive",4,"dirty bird",,
"Analog Man Sun Face","gain","Fuzz",7,"screamer",,
"Barber Electronics Gain Changer","gain","Overdrive",4,"dirty bird",,
"Benson Amps Preamp Pedal","gain","Overdrive",5,"burner",,
"Black Arts Toneworks Pharaoh","gain","Fuzz",9,"melt my face",,
"Blackstar LT-Drive","gain","Overdrive",5,"burner",,
"Bogner Ecstasy Blue","gain","Distortion",6,"burner",,
"Bogner Ecstasy Red","gain","Distortion",8,"screamer",,
"Bogner Überschall Pedal","gain","Distortion",9,"melt my face",,
"Bondi Effects Sick As Overdrive","gain","Overdrive",4,"dirty bird",,
"Boss BD-2 Blues Driver","gain","Overdrive",4,"dirty bird",,
"Boss BD-2W Waza Craft Blues Driver","gain","Overdrive",4,"dirty bird",,
"Boss DA-2 Adaptive Distortion","gain","Distortion",7,"screamer",,
"Boss DS-1 Distortion","gain","Distortion",6,"burner",,
"Boss DS-1W Waza Craft Distortion","gain","Distortion",6,"burner",,
"Boss DS-2 Turbo Distortion","gain","Distortion",7,"screamer",,
"Boss FB-2 Feedbacker/Booster","gain","Boost",3,"dirty bird",,
"Boss FZ-1W Waza Craft Fuzz","gain","Fuzz",7,"screamer",,
"Boss HM-2 Heavy Metal","gain","Distortion",9,"melt my face",,
"Boss MD-2 Mega Distortion","gain","Distortion",8,"screamer",,
"Boss MT-2 Metal Zone","gain","Distortion",9,"melt my face",,
"Boss MT-2 Metal Zone","gain","Distortion",8,"screamer",,
"Boss MT-2W Waza Craft Metal Zone","gain","Distortion",9,"melt my face",,
"Boss MT-2W Waza Craft Metal Zone","gain","Distortion",8,"screamer",,
"Boss OD-1X Overdrive","gain","Overdrive",5,"burner",,
"Boss OD-3 OverDrive","gain","Overdrive",5,"burner",,
"Boss SD-1 Super Overdrive","gain","Overdrive",4,"dirty bird",,
"Boss SD-1W Waza Craft Super Overdrive","gain","Overdrive",4,"dirty bird",,
"Boss ST-2 Power Stack","gain","Distortion",7,"screamer",,
"BSM RM Treble Booster","gain","Boost",3,"dirty bird",,
"Caroline Guitar Company Shigeharu","gain","Fuzz",8,"screamer",,
"Catalinbread Naga Viper","gain","Boost",3,"dirty bird",,
"Ceriatone Centura","gain","Overdrive",3,"dirty bird",,
"Chase Bliss Audio Condor","gain","Boost",4,"dirty bird",,
"CMATMODS Brownie","gain","Overdrive",5,"burner",,
"Colorsound Overdriver","gain","Overdrive",6,"burner",,
"Colorsound Power Boost","gain","Boost",4,"dirty bird",,
"Crowther Audio Hotcake","gain","Overdrive",5,"burner",,
"Dallas Arbiter Fuzz Face (Germanium)","gain","Fuzz",7,"screamer",,
"Dallas Arbiter Fuzz Face (Silicon)","gain","Fuzz",8,"screamer",,
"Death By Audio Apocalypse","gain","Fuzz",10,"melt my face",,
"Death By Audio Fuzz War","gain","Fuzz",9,"melt my face",,
"Death By Audio Supersonic Fuzz Gun","gain","Fuzz",10,"melt my face",,
"Death By Audio Supersonic Fuzz Gun","gain","Fuzz",9,"melt my face",,
"Diezel Herbert Pedal","gain","Distortion",9,"melt my face",,
"Diezel VH4 Pedal","gain","Distortion",9,"melt my face",,
"DigiTech Dirty Robot Stereo Mini Synth","gain","Distortion",8,"screamer",,
"DOD 250 Overdrive Preamp (Yellow)","gain","Overdrive",5,"burner",,
"Dunlop FFM1 Fuzz Face Mini Silicon","gain","Fuzz",7,"screamer",,
"Dunlop FFM2 Fuzz Face Mini Germanium","gain","Fuzz",6,"burner",,
"Dunlop FFM3 Fuzz Face Mini Hendrix","gain","Fuzz",7,"screamer",,
"Dunlop JH3S Jimi Hendrix Octavio","gain","Fuzz",8,"screamer",,
"Dunlop JHF1 Jimi Hendrix Fuzz Face","gain","Fuzz",7,"screamer",,
"EarthQuaker Devices Acapulco Gold","gain","Distortion",8,"screamer",,
"EarthQuaker Devices Arrows V2","gain","Boost",2,"mr. clean",,
"EarthQuaker Devices Cloven Hoof","gain","Fuzz",8,"screamer",,
"EarthQuaker Devices Data Corrupter","gain","Fuzz",10,"melt my face",,
"EarthQuaker Devices Hoof Fuzz V2","gain","Fuzz",7,"screamer",,
"EarthQuaker Devices Hoof Reaper V2","gain","Fuzz",9,"melt my face",,
"EarthQuaker Devices Life Pedal V2","gain","Distortion",9,"melt my face",,
"EarthQuaker Devices Plumes","gain","Overdrive",5,"burner",,
"EarthQuaker Devices Special Cranker","gain","Overdrive",4,"dirty bird",,
"EarthQuaker Devices Tentacle V2","gain","Fuzz",7,"screamer",,
"EarthQuaker Devices Terminal Fuzz V2","gain","Fuzz",9,"melt my face",,
"EarthQuaker Devices Tone Job V2","gain","Boost",3,"dirty bird",,
"EarthQuaker Devices Tone Reaper","gain","Fuzz",7,"screamer",,
"EarthQuaker Devices Westwood","gain","Overdrive",4,"dirty bird",,
"Electro-Harmonix Big Muff Pi","gain","Fuzz",8,"screamer",,
"Electro-Harmonix Big Muff Pi (Civil War)","gain","Fuzz",8,"screamer",,
"Electro-Harmonix Big Muff Pi (Triangle)","gain","Fuzz",8,"screamer",,
"Electro-Harmonix Deluxe Big Muff Pi","gain","Fuzz",9,"melt my face",,
"Electro-Harmonix Green Russian Big Muff","gain","Fuzz",8,"screamer",,
"Electro-Harmonix LPB-1 Linear Power Booster","gain","Boost",2,"mr. clean",,
"Electro-Harmonix Mole Bass Booster","gain","Boost",2,"mr. clean",,
"Electro-Harmonix Nano Big Muff Pi","gain","Fuzz",8,"screamer",,
"Electro-Harmonix Op-Amp Big Muff","gain","Fuzz",8,"screamer",,
"Electro-Harmonix Op-Amp Big Muff Reissue","gain","Fuzz",8,"screamer",,
"Electro-Harmonix Screaming Bird Treble Booster","gain","Boost",2,"mr. clean",,
"Electro-Harmonix Soul Food","gain","Overdrive",3,"dirty bird",,
"Electro-Harmonix Triangle Big Muff","gain","Fuzz",7,"screamer",,
"Emerson Custom Paramount","gain","Boost",3,"dirty bird",,
"Fender Full Moon Distortion","gain","Overdrive",7,"screamer",,
"Fender Pugilist Distortion","gain","Overdrive",6,"burner",,
"Friedman BE-OD","gain","Distortion",8,"screamer",,
"Friedman BE-OD Deluxe","gain","Distortion",8,"screamer",,
"Friedman Dirty Shirley","gain","Distortion",6,"burner",,
"Friedman Smallbox","gain","Distortion",7,"screamer",,
"Fulltone Fulldrive 2","gain","Overdrive",5,"burner",,
"Fulltone OCD","gain","Overdrive",5,"burner",,
"Fulltone Octafuzz OF-2","gain","Fuzz",8,"screamer",,
"Fulltone Plimsoul","gain","Overdrive",6,"burner",,
"Gamechanger Audio Plasma Pedal","gain","Distortion",9,"melt my face",,
"Greer Amps Lightspeed Organic Overdrive","gain","Overdrive",3,"dirty bird",,
"Greer Amps Southland","gain","Boost",3,"dirty bird",,
"Ibanez TS Mini Tube Screamer","gain","Overdrive",5,"burner",,
"Ibanez TS808 (Original 1979)","gain","Overdrive",5,"burner",,
"Ibanez TS808 Tube Screamer","gain","Overdrive",4,"dirty bird",,
"Ibanez TS9 Tube Screamer","gain","Overdrive",5,"burner",,
"Ibanez TS9DX Turbo Tube Screamer","gain","Overdrive",6,"burner",,
"J. Rockett Archer","gain","Overdrive",3,"dirty bird",,
"J. Rockett Archer Ikon","gain","Overdrive",3,"dirty bird",,
"JHS 3 Series Distortion","gain","Overdrive",6,"burner",,
"JHS 3 Series Screamer","gain","Overdrive",5,"burner",,
"JHS Angry Charlie V3","gain","Overdrive",7,"screamer",,
"JHS Angry Driver","gain","Boost",5,"burner",,
"JHS Bender","gain","Fuzz",7,"screamer",,
"JHS Bonsai","gain","Overdrive",5,"burner",,
"JHS Double Barrel V4","gain","Overdrive",5,"burner",,
"JHS Moonshine V2","gain","Overdrive",5,"burner",,
"JHS Morning Glory V4","gain","Overdrive",4,"dirty bird",,
"JHS Muffuletta","gain","Fuzz",8,"screamer",,
"JHS PackRat","gain","Distortion",7,"screamer",,
"JHS Prestige","gain","Boost",2,"mr. clean",,
"JHS Supreme","gain","Fuzz",7,"screamer",,
"Keeley D&M Drive","gain","Overdrive",5,"burner",,
"Keeley Fuzz Bender","gain","Fuzz",7,"screamer",,
"Keeley Katana Clean Boost","gain","Boost",2,"mr. clean",,
"Keeley Oxblood Overdrive","gain","Overdrive",5,"burner",,
"Keeley Red Dirt Overdrive","gain","Overdrive",5,"burner",,
"Klon Centaur (Gold)","gain","Overdrive",3,"dirty bird",,
"Klon Centaur (Silver)","gain","Overdrive",3,"dirty bird",,
"Klon KTR","gain","Overdrive",3,"dirty bird",,
"KMA Machines Wurm Distortion","gain","Distortion",8,"screamer",,
"Lovepedal Eternity","gain","Overdrive",4,"dirty bird",,
"Mad Professor Sweet Honey Overdrive","gain","Overdrive",3,"dirty bird",,
"Maxon OD808 Overdrive","gain","Overdrive",5,"burner",,
"Maxon OD9 Overdrive","gain","Overdrive",5,"burner",,
"Mesa Boogie Flux-Five Overdrive","gain","Distortion",8,"screamer",,
"Mesa/Boogie Flux-Drive","gain","Distortion",7,"screamer",,
"Mesa/Boogie Throttle Box","gain","Distortion",8,"screamer",,
"MXR CSP027 Timmy Overdrive","gain","Overdrive",3,"dirty bird",,
"MXR Distortion+ (Block Logo)","gain","Distortion",6,"burner",,
"MXR EVH 5150 Overdrive","gain","Distortion",8,"screamer",,
"MXR M104 Distortion+","gain","Distortion",6,"burner",,
"MXR M116 Fullbore Metal","gain","Distortion",9,"melt my face",,
"MXR M133 Micro Amp","gain","Boost",2,"mr. clean",,
"MXR M193 GT-OD","gain","Overdrive",4,"dirty bird",,
"MXR M293 Booster Mini","gain","Boost",2,"mr. clean",,
"MXR M294 Sugar Drive","gain","Overdrive",3,"dirty bird",,
"MXR M75 Super Badass Distortion","gain","Distortion",7,"screamer",,
"MXR M77 Custom Badass Modified OD","gain","Overdrive",5,"burner",,
"MXR M78 Custom Badass 78 Distortion","gain","Overdrive",6,"burner",,
"Nordvang 89 OD","gain","Overdrive",5,"burner",,
"Orange Getaway Driver","gain","Boost",3,"dirty bird",,
"Orange Two Stroke Boost EQ","gain","Overdrive",3,"dirty bird",,
"Paul Cochrane Timmy V3","gain","Overdrive",3,"dirty bird",,
"Pro Co Fat Rat","gain","Distortion",7,"screamer",,
"Pro Co RAT 2","gain","Distortion",7,"screamer",,
"ProCo RAT (Vintage 1980s)","gain","Distortion",7,"screamer",,
"PRS Horsemeat Transparent Overdrive","gain","Distortion",6,"burner",,
"Revv G2 Overdrive","gain","Distortion",7,"screamer",,
"Revv G3 Distortion","gain","Distortion",9,"melt my face",,
"Revv G4 Distortion","gain","Distortion",10,"melt my face",,
"RYRA The Klone","gain","Overdrive",3,"dirty bird",,
"Shin-ei FY-6 Super Fuzz","gain","Fuzz",9,"melt my face",,
"Snouse BlackBox 2","gain","Overdrive",4,"dirty bird",,
"Sola Sound Tone Bender MK1","gain","Fuzz",8,"screamer",,
"Sola Sound Tone Bender MK2","gain","Fuzz",8,"screamer",,
"Suhr Riot Distortion","gain","Distortion",8,"screamer",,
"Suhr Riot Mini","gain","Distortion",8,"screamer",,
"Supro 1305 Drive","gain","Overdrive",4,"dirty bird",,
"TC Electronic Cinders Overdrive","gain","Overdrive",4,"dirty bird",,
"TC Electronic Dark Matter Distortion","gain","Distortion",7,"screamer",,
"TC Electronic MojoMojo Overdrive","gain","Overdrive",4,"dirty bird",,
"TC Electronic Rusty Fuzz","gain","Fuzz",7,"screamer",,
"TC Electronic Spark Booster","gain","Boost",2,"mr. clean",,
"TC Electronic Spark Mini Booster","gain","Boost",2,"mr. clean",,
"TC Electronic Zeus Drive","gain","Overdrive",3,"dirty bird",,
"Univox Super-Fuzz","gain","Fuzz",9,"melt my face",,
"Vertex Steel String Clean Drive","gain","Overdrive",3,"dirty bird",,
"Visual Sound Route 66 V2","gain","Overdrive",5,"burner",,
"Walrus Audio 385 Overdrive","gain","Overdrive",4,"dirty bird",,
"Walrus Audio Ages Five-State Overdrive","gain","Overdrive",5,"burner",,
"Walrus Audio Contraband","gain","Fuzz",7,"screamer",,
"Walrus Audio Jupiter V2","gain","Fuzz",8,"screamer",,
"Walrus Audio Monument V2","gain","Boost",2,"mr. clean",,
"Walrus Audio Voyager Preamp/Overdrive","gain","Overdrive",4,"dirty bird",,
"Wampler Clarksdale Delta Overdrive","gain","Overdrive",5,"burner",,
"Wampler dB+ Boost/Buffer","gain","Boost",2,"mr. clean",,
"Wampler Dracarys High Gain","gain","Distortion",9,"melt my face",,
"Wampler Sovereign Distortion","gain","Distortion",8,"screamer",,
"Wampler Triple Wreck","gain","Distortion",10,"melt my face",,
"Wampler Tumnus","gain","Overdrive",3,"dirty bird",,
"Wampler Tumnus Deluxe","gain","Overdrive",3,"dirty bird",,
"Wren and Cuff Tall Font Russian","gain","Fuzz",8,"screamer",,
"Wren and Cuff Tall Font Russian","gain","Fuzz",8,"screamer",,
"Xotic AC Booster","gain","Boost",4,"dirty bird",,
"Xotic EP Booster","gain","Boost",2,"mr. clean",,
"Xotic RC Booster V2","gain","Boost",3,"dirty bird",,
"Z.Vex Fuzz Factory (Hand-Painted)","gain","Fuzz",8,"screamer",,
"ZVEX Fuzz Factory","gain","Fuzz",9,"melt my face",,
"ZVEX Fuzz Factory 7","gain","Fuzz",10,"melt my face",,
"ZVEX Super Hard On","gain","Boost",2,"mr. clean",,
"ZVEX Woolly Mammoth","gain","Fuzz",9,"melt my face",,
"Analog Man Bi-Chorus","modulation","Chorus",10,"twister",,
"Boss BF-2 Flanger","modulation","Flanger",7,"spin cycle",,
"Boss BF-3 Flanger","modulation","Flanger",8,"spin cycle",,
"Boss CE-1 Chorus Ensemble","modulation","Chorus",8,"spin cycle",,
"Boss CE-2W Waza Craft Chorus","modulation","Chorus",8,"spin cycle",,
"Boss CE-2W Waza Craft Chorus","modulation","Chorus",8,"spin cycle",,
"Boss CH-1 Super Chorus","modulation","Chorus",7,"spin cycle",,
"Boss DC-2W Waza Craft Dimension C","modulation","Chorus",9,"twister",,
"Boss PH-1R Phaser","modulation","Phaser",6,"swirly",,
"Boss PH-3 Phase Shifter","modulation","Phaser",9,"twister",,
"Boss RT-20 Rotary Ensemble","modulation","Rotary",10,"twister",,
"Boss TR-2 Tremolo","modulation","Tremolo",6,"swirly",,
"Boss VB-2 Vibrato","modulation","Vibrato",7,"spin cycle",,
"Boss VB-2W Waza Craft Vibrato","modulation","Vibrato",8,"spin cycle",,
"Caroline Guitar Company Somersault","modulation","Chorus",10,"twister",,
"Chase Bliss Audio Warped Vinyl HiFi","modulation","Chorus",8,"spin cycle",,
"DOD FX13 Gonkulator","modulation","Ring Mod",7,"spin cycle",,
"Dunlop JHM3 Jimi Hendrix Uni-Vibe","modulation","Vibrato",8,"spin cycle",,
"EarthQuaker Devices Aqueduct Vibrato","modulation","Vibrato",9,"twister",,
"EarthQuaker Devices Grand Orbiter V3","modulation","Phaser",9,"twister",,
"EarthQuaker Devices Hummingbird V4","modulation","Tremolo",9,"twister",,
"EarthQuaker Devices Pyramids","modulation","Flanger",8,"spin cycle",,
"EarthQuaker Devices Sea Machine V3","modulation","Chorus",7,"spin cycle",,
"Electro-Harmonix Bad Stone","modulation","Phaser",7,"spin cycle",,
"Electro-Harmonix Bass Clone","modulation","Chorus",7,"spin cycle",,
"Electro-Harmonix Eddy Analog Vibrato/Chorus","modulation","Chorus",8,"spin cycle",,
"Electro-Harmonix Electric Mistress","modulation","Flanger",7,"spin cycle",,
"Electro-Harmonix Electric Mistress (Deluxe V1)","modulation","Flanger",8,"spin cycle",,
"Electro-Harmonix Good Vibes","modulation","Vibrato",8,"spin cycle",,
"Electro-Harmonix Lester G Deluxe","modulation","Rotary",10,"twister",,
"Electro-Harmonix Lester K","modulation","Rotary",9,"twister",,
"Electro-Harmonix Nano Small Stone","modulation","Phaser",6,"swirly",,
"Electro-Harmonix Neo Clone","modulation","Chorus",7,"spin cycle",,
"Electro-Harmonix Neo Mistress","modulation","Flanger",7,"spin cycle",,
"Electro-Harmonix Pulsar Stereo Tremolo","modulation","Tremolo",7,"spin cycle",,
"Electro-Harmonix Small Clone","modulation","Chorus",7,"spin cycle",,
"Electro-Harmonix Small Stone (V1)","modulation","Phaser",7,"spin cycle",,
"Electro-Harmonix Small Stone Nano","modulation","Phaser",6,"swirly",,
"Empress Effects Phaser","modulation","Phaser",8,"spin cycle",,
"Fender Tre-Verb","modulation","Tremolo",9,"twister",,
"Foxgear Fenix","modulation","Chorus",7,"spin cycle",,
"Fulltone MDV3 Mini Deja-Vibe","modulation","Vibrato",9,"twister",,
"Fulltone Supa-Trem 2","modulation","Tremolo",8,"spin cycle",,
"JHS 3 Series Chorus","modulation","Chorus",7,"spin cycle",,
"JHS 3 Series Phaser","modulation","Phaser",6,"swirly",,
"JHS Emperor V2","modulation","Chorus",9,"twister",,
"JHS Kodiak","modulation","Tremolo",9,"twister",,
"JHS Unicorn V2","modulation","Vibrato",10,"twister",,
"Keeley Bubbletron Dynamic Flanger/Phaser","modulation","Phaser",10,"twister",,
"Keeley Dyno My Roto","modulation","Chorus",10,"twister",,
"Keeley Seafoam Plus Chorus","modulation","Chorus",9,"twister",,
"Keeley Tremolo Workstation","modulation","Tremolo",10,"twister",,
"Line 6 MM4 Modulation Modeler","modulation","Multi",7,"spin cycle",,
"Lovetone Doppelganger","modulation","Phaser",10,"twister",,
"Mad Professor Electric Blue Chorus","modulation","Chorus",8,"spin cycle",,
"Meris Ottobit Jr.","modulation","Other",8,"spin cycle",,
"Mu-Tron Bi-Phase","modulation","Phaser",9,"twister",,
"MXR EVH Phase 90","modulation","Phaser",6,"swirly",,
"MXR M101 Phase 90","modulation","Phaser",6,"swirly",,
"MXR M117R Flanger","modulation","Flanger",8,"spin cycle",,
"MXR M152 Micro Flanger","modulation","Flanger",6,"swirly",,
"MXR M234 Analog Chorus","modulation","Chorus",7,"spin cycle",,
"MXR M290 Phase 95 Mini","modulation","Phaser",7,"spin cycle",,
"MXR M68 Uni-Vibe","modulation","Vibrato",8,"spin cycle",,
"MXR M83 Bass Chorus Deluxe","modulation","Chorus",8,"spin cycle",,
"MXR M99 Phase 99","modulation","Phaser",8,"spin cycle",,
"MXR Phase 90 (Script Logo)","modulation","Phaser",6,"swirly",,
"Neo Instruments Ventilator II","modulation","Rotary",9,"twister",,
"Pigtronix Quantum Time Modulator","modulation","Phaser",7,"spin cycle",,
"Roland AP-7 Jet Phaser","modulation","Phaser",8,"spin cycle",,
"Source Audio Gemini Chorus","modulation","Chorus",7,"spin cycle",,
"Source Audio Lunar Phaser","modulation","Phaser",7,"spin cycle",,
"Source Audio Orbital Modulation","modulation","Rotary",7,"spin cycle",,
"Source Audio Vertigo Tremolo","modulation","Tremolo",7,"spin cycle",,
"Strymon Deco Tape Saturation","modulation","Chorus",7,"spin cycle",,
"Strymon Flint Tremolo & Reverb","modulation","Tremolo",8,"spin cycle",,
"Strymon Lex Rotary","modulation","Rotary",8,"spin cycle",,
"Strymon Mobius","modulation","Multi",9,"twister",,
"Strymon Ola dBucket Chorus","modulation","Chorus",10,"twister",,
"TC Electronic Afterglow Chorus","modulation","Chorus",7,"spin cycle",,
"TC Electronic Blood Moon Phaser","modulation","Phaser",6,"swirly",,
"TC Electronic Corona Chorus","modulation","Chorus",9,"twister",,
"TC Electronic Corona Mini Chorus","modulation","Chorus",8,"spin cycle",,
"TC Electronic Helix Phaser","modulation","Phaser",8,"spin cycle",,
"TC Electronic Pipeline Tap Tremolo","modulation","Tremolo",8,"spin cycle",,
"TC Electronic Shaker Vibrato","modulation","Vibrato",7,"spin cycle",,
"TC Electronic Vortex Flanger","modulation","Flanger",9,"twister",,
"Univox Uni-Vibe","modulation","Vibrato",8,"spin cycle",,
"Walrus Audio Julia V2","modulation","Chorus",9,"twister",,
"Walrus Audio Julianna Stereo Chorus/Vibrato","modulation","Chorus",10,"twister",,
"Walrus Audio Lillian Multi-Stage Analog Phaser","modulation","Phaser",10,"twister",,
"Walrus Audio Polychrome Analog Flanger","modulation","Flanger",10,"twister",,
"Way Huge Blue Hippo","modulation","Chorus",8,"spin cycle",,
"Way Huge Ring Worm","modulation","Phaser",9,"twister",,
"Boss OC-2 Octave","pitch","Octave",7,"warped",,
"Boss OC-3 Super Octave","pitch","Octave",6,"harmonious",,
"Boss OC-5 Octave","pitch","Octave",8,"warped",,
"Boss PS-3 Pitch Shifter/Delay","pitch","Shifter",7,"warped",,
"Boss PS-3 Pitch Shifter/Delay","pitch","Shifter",7,"warped",,
"Boss PS-5 Super Shifter","pitch","Shifter",7,"warped",,
"Boss PS-6 Harmonist","pitch","Harmonizer",8,"warped",,
"Boss SY-1 Synthesizer","pitch","Synth",9,"unrecognizable",,
"Boss SY-200","pitch","Synth",10,"unrecognizable",,
"Chase Bliss MOOD","pitch","Granular",10,"unrecognizable",,
"DigiTech Drop","pitch","Shifter",8,"warped",,
"DigiTech Ricochet","pitch","Shifter",8,"warped",,
"DigiTech Whammy 5","pitch","Shifter",9,"unrecognizable",,
"DigiTech Whammy DT","pitch","Shifter",9,"unrecognizable",,
"DigiTech Whammy IV","pitch","Whammy",8,"warped",,
"EarthQuaker Devices Arpanoid","pitch","Arpeggiator",8,"warped",,
"EarthQuaker Devices Organizer V2","pitch","Organ",8,"warped",,
"EarthQuaker Devices Rainbow Machine","pitch","Harmonizer",8,"warped",,
"Electro-Harmonix Micro POG","pitch","Octave",7,"warped",,
"Electro-Harmonix Nano POG","pitch","Octave",6,"harmonious",,
"Electro-Harmonix Pitch Fork","pitch","Shifter",8,"warped",,
"Electro-Harmonix Pitch Fork","pitch","Shifter",8,"warped",,
"Electro-Harmonix Pitch Fork+","pitch","Shifter",10,"unrecognizable",,
"Electro-Harmonix POG2","pitch","Octave",10,"unrecognizable",,
"Eventide MicroShift","pitch","Detune",8,"warped",,
"Eventide PitchFactor","pitch","Harmonizer",10,"unrecognizable",,
"Gamechanger Audio Plasma Coil","pitch","Special",8,"warped",,
"Hologram Microcosm","pitch","Granular",10,"unrecognizable",,
"Hotone Harmony","pitch","Harmonizer",5,"harmonious",,
"Joyo Ironman JF-319 Green Legend","pitch","Octave",5,"harmonious",,
"Keeley Synth-1","pitch","Synth",8,"warped",,
"Meris Hedra","pitch","Harmonizer",10,"unrecognizable",,
"Mooer Pitch Box","pitch","Harmonizer",6,"harmonious",,
"Mooer Tender Octaver Pro","pitch","Octave",6,"harmonious",,
"Morpheus Bomber","pitch","Shifter",8,"warped",,
"MXR Bass Octave Deluxe","pitch","Octave",7,"warped",,
"Pigtronix Disnortion","pitch","Octave",7,"warped",,
"Red Panda Tensor","pitch","Shifter",10,"unrecognizable",,
"Source Audio C4 Synth","pitch","Synth",10,"unrecognizable",,
"TC Electronic Brainwaves","pitch","Harmonizer",9,"unrecognizable",,
"Walrus Audio Luminary V2","pitch","Octave",9,"unrecognizable",,
"Akai Analog Custom Shop Reverb","reverb","Hall",7,"dreamy",,
"Alexander Sky 5000","reverb","Ambient",7,"dreamy",,
"Alexander Space Race","reverb","Hall",10,"floating",,
"Anasounds Element","reverb","Spring",9,"floating",,
"Biyang RV-10","reverb","Room",6,"drippy",,
"Blackstar LT Reverb","reverb","Hall",6,"drippy",,
"Boss RV-2","reverb","Room",6,"drippy",,
"Boss RV-200","reverb","Ambient",9,"floating",,
"Boss RV-3","reverb","Hall",7,"dreamy",,
"Boss RV-5","reverb","Hall",8,"dreamy",,
"Boss RV-500","reverb","Shimmer",9,"floating",,
"Boss RV-6","reverb","Shimmer",10,"floating",,
"Caline Snakebite","reverb","Room",5,"drippy",,
"Caroline Guitar Météore","reverb","Lo-Fi",10,"floating",,
"Catalinbread Topanga","reverb","Spring",7,"dreamy",,
"Chase Bliss CXM 1978","reverb","Ambient",10,"floating",,
"Cooper FX Outward V2","reverb","Special",9,"floating",,
"Crazy Tube Circuits Splash Mk IV","reverb","Spring",9,"floating",,
"Death By Audio Rooms","reverb","Ambient",8,"dreamy",,
"DigiTech Hardwire RV-7","reverb","Room",9,"floating",,
"DigiTech Polara","reverb","Hall",9,"floating",,
"DigiTech Supernatural","reverb","Ambient",7,"dreamy",,
"Donner Verb Square","reverb","Hall",5,"drippy",,
"Dr. Scientist Reverberator","reverb","Ambient",10,"floating",,
"EarthQuaker Devices Afterneath V3","reverb","Ambient",7,"dreamy",,
"EarthQuaker Devices Dispatch Master V3","reverb","Ambient",9,"floating",,
"EarthQuaker Devices Ghost Echo","reverb","Ambient",8,"dreamy",,
"Electro-Harmonix Cathedral","reverb","Ambient",8,"dreamy",,
"Electro-Harmonix Cathedral Stereo Reverb","reverb","Hall",8,"dreamy",,
"Electro-Harmonix Holy Grail Max","reverb","Spring",8,"dreamy",,
"Electro-Harmonix Holy Grail Nano","reverb","Spring",6,"drippy",,
"Electro-Harmonix Nano Holy Grail","reverb","Hall",6,"drippy",,
"Electro-Harmonix Oceans 11","reverb","Spring",7,"dreamy",,
"Electro-Harmonix Oceans 12","reverb","Spring",9,"floating",,
"Electro-Harmonix R1 Reverb","reverb","Room",6,"drippy",,
"Empress Reverb","reverb","Ambient",10,"floating",,
"Eventide Blackhole","reverb","Ambient",9,"floating",,
"Eventide Space","reverb","Ambient",10,"floating",,
"Fender 6G15 Reverb Unit","reverb","Spring",9,"floating",,
"Fender Marine Layer Reverb","reverb","Hall",8,"dreamy",,
"Foxpedal Defector","reverb","Room",8,"dreamy",,
"Free The Tone Ambi Space","reverb","Hall",8,"dreamy",,
"Gamechanger Audio Light Pedal","reverb","Plate",7,"dreamy",,
"GFI System Specular Tempus","reverb","Ambient",9,"floating",,
"Hamstead Zenith","reverb","Ambient",10,"floating",,
"Hotone Verb","reverb","Hall",5,"drippy",,
"Hungry Robot Wardenclyffe","reverb","Lo-Fi",7,"dreamy",,
"J. Rockett Boing Spring Reverb","reverb","Spring",7,"dreamy",,
"JHS 3 Series Reverb","reverb","Hall",7,"dreamy",,
"JHS Spring Tank","reverb","Spring",8,"dreamy",,
"Joyo Atmosphere","reverb","Hall",8,"dreamy",,
"Keeley Caverns V2","reverb","Ambient",9,"floating",,
"Keeley Omni Reverb","reverb","Hall",10,"floating",,
"Keeley Realizer Reverberator","reverb","Plate",10,"floating",,
"Line 6 Verbzilla","reverb","Hall",9,"floating",,
"Matthews Effects Cosmonaut V2","reverb","Ambient",8,"dreamy",,
"Meris Mercury7","reverb","Ambient",9,"floating",,
"Mooer Leveline","reverb","Hall",6,"drippy",,
"Mooer R7 Reverb","reverb","Hall",9,"floating",,
"Mosky Spring Reverb","reverb","Spring",5,"drippy",,
"Mr. Black Spring Eternal","reverb","Spring",8,"dreamy",,
"MXR M169 Carbon Copy","reverb","Room",6,"drippy",,
"MXR M300 Reverb","reverb","Hall",10,"floating",,
"NativeAudio Ghost Ridge","reverb","Ambient",7,"dreamy",,
"Neunaber Immerse Mk II","reverb","Shimmer",8,"dreamy",,
"Neunaber Wet Reverb","reverb","Shimmer",10,"floating",,
"NUX Atlantic","reverb","Room",9,"floating",,
"Old Blood Noise Dark Star V2","reverb","Ambient",8,"dreamy",,
"Old Blood Noise Procession","reverb","Ambient",7,"dreamy",,
"One Control Purple Humper","reverb","Hall",7,"dreamy",,
"Pladask Elektrisk Tåken","reverb","Ambient",7,"dreamy",,
"Red Panda Context V2","reverb","Ambient",8,"dreamy",,
"Source Audio True Spring","reverb","Spring",10,"floating",,
"Source Audio Ventris","reverb","Hall",9,"floating",,
"Strymon BigSky","reverb","Shimmer",10,"floating",,
"Strymon blueSky","reverb","Plate",8,"dreamy",,
"Strymon Flint","reverb","Hall",7,"dreamy",,
"Strymon NightSky","reverb","Ambient",10,"floating",,
"Surfy Industries SurfyBear Compact","reverb","Spring",9,"floating",,
"TC Electronic Drip Spring Reverb","reverb","Spring",7,"dreamy",,
"TC Electronic Hall of Fame 2","reverb","Shimmer",10,"floating",,
"TC Electronic Hall of Fame Mini","reverb","Hall",7,"dreamy",,
"TC Electronic Skysurfer","reverb","Hall",5,"drippy",,
"Universal Audio Golden Reverberator","reverb","Plate",8,"dreamy",,
"Valeton Coral Verb","reverb","Hall",6,"drippy",,
"Walrus Audio Descent","reverb","Shimmer",8,"dreamy",,
"Walrus Audio Fathom","reverb","Ambient",10,"floating",,
"Walrus Audio Slö","reverb","Ambient",9,"floating",,
"Walrus Audio Slotvå","reverb","Ambient",7,"dreamy",,
"Wampler Reflection","reverb","Spring",9,"floating",,
"Xvive Golden Brownie","reverb","Room",6,"drippy",,
"Zoom MS-70CDR","reverb","Multi",7,"dreamy",,
"Boss SL-20 Slicer","synth","Slicer",8,"sound design",,
"Boss SY-1","synth","Synth",9,"sound design",,
"Boss SY-200","synth","Synth",10,"sound design",,
"Caroline Guitar Somersault","synth","Lo-Fi",8,"sound design",,
"Chase Bliss Blooper","synth","Looper",10,"sound design",,
"Cooper FX Generation Loss MKII","synth","Lo-Fi",10,"sound design",,
"EarthQuaker Devices Bit Commander","synth","Synth",7,"synth-like",,
"EarthQuaker Devices Data Corruptor","synth","Synth",9,"sound design",,
"EarthQuaker Devices Rainbow Machine","synth","Special",8,"sound design",,
"Electro-Harmonix B9 Organ Machine","synth","Organ",7,"synth-like",,
"Electro-Harmonix C9 Organ Machine","synth","Organ",7,"synth-like",,
"Electro-Harmonix Freeze","synth","Sustainer",7,"synth-like",,
"Electro-Harmonix KEY9","synth","Synth",7,"synth-like",,
"Electro-Harmonix Mel9","synth","Synth",8,"sound design",,
"Electro-Harmonix Superego+","synth","Sustainer",9,"sound design",,
"Electro-Harmonix Synth9","synth","Synth",8,"sound design",,
"Fairfield Circuitry Shallow Water","synth","Lo-Fi",9,"sound design",,
"Gamechanger Audio Plus Pedal","synth","Sustainer",9,"sound design",,
"Hologram Microcosm","synth","Granular",10,"sound design",,
"Keeley Synth-1","synth","Synth",8,"sound design",,
"Meris Enzo","synth","Synth",10,"sound design",,
"Montreal Assembly Count to 5","synth","Sampler",10,"sound design",,
"Source Audio C4 Synth","synth","Synth",10,"sound design",,
"Z.Vex Instant Lo-Fi Junky","synth","Lo-Fi",6,"synth-like",,
"Z.Vex Lo-Fi Junky","synth","Lo-Fi",7,"synth-like",,
"Boss ES-5","utility","Switcher",8,"geeked out",,
"Boss ES-8","utility","Switcher",9,"board scholar",,
"Boss TU-3","utility","Tuner",5,"pedal nerd",,
"Boss TU-3W Waza","utility","Tuner",6,"pedal nerd",,
"Countryman Type 85","utility","DI",9,"board scholar",,
"Empress Buffer+","utility","Buffer",7,"geeked out",,
"JHS Little Black Buffer","utility","Buffer",4,"router",,
"JHS Summing Amp","utility","Mixer",6,"pedal nerd",,
"Korg Pitchblack Advance","utility","Tuner",5,"pedal nerd",,
"Korg Pitchblack Advance","utility","Tuner",5,"pedal nerd",,
"Lehle D.Loop SGoS","utility","Loop",9,"board scholar",,
"One Control Crocodile Tail Loop","utility","Loop",8,"geeked out",,
"Peterson StroboStomp HD","utility","Tuner",9,"board scholar",,
"Peterson StroboStomp HD","utility","Tuner",5,"pedal nerd",,
"Radial J48","utility","DI",8,"geeked out",,
"Saturnworks Active A/B","utility","A/B Box",5,"pedal nerd",,
"TC Electronic PolyTune 3","utility","Tuner",7,"geeked out",,
"TC Electronic PolyTune 3 Mini","utility","Tuner",6,"pedal nerd",,
"TC Electronic PolyTune 3 Mini Noir","utility","Tuner",5,"pedal nerd",,
"TC Electronic PolyTune 3 Noir","utility","Tuner",5,"pedal nerd",,
"TheGigRig G2","utility","Switcher",10,"board scholar",,
"Boss EV-30","volume","Expression",6,"manager",,
"Boss FV-30H","volume","Volume",5,"manager",,
"Boss FV-500H","volume","Volume",6,"manager",,
"Boss FV-500L","volume","Volume",6,"manager",,
"Dunlop DVP3 Volume (X)","volume","Volume",7,"manager",,
"Dunlop DVP4 Mini Volume","volume","Volume",5,"manager",,
"Ernie Ball MVP Most Valuable Pedal","volume","Volume",7,"manager",,
"Ernie Ball VP Jr 250K","volume","Volume",5,"manager",,
"Ernie Ball VP Jr 25K","volume","Volume",5,"manager",,
"Hotone Soul Press II","volume","Volume",6,"manager",,
"Lehle Mono Volume","volume","Volume",9,"board admin",,
"Mission Engineering EP-1","volume","Expression",7,"manager",,
"Moog EP-3","volume","Expression",6,"manager",,
"Morley PVO Pro Series Volume","volume","Volume",6,"manager",,
"Morley Volume Plus","volume","Volume",7,"manager",,
"Source Audio Dual Expression","volume","Expression",8,"board admin",,
"Xotic XVP-250K","volume","Volume",7,"manager",,
